
CREATE TABLE IF NOT EXISTS HEROE (
	COD_HEROE VARCHAR(4) NOT NULL,
	NOMBRE VARCHAR(50) NOT NULL,
	DESCRIPCION VARCHAR(100),
	RAZA VARCHAR(20) NOT NULL,
	NIVEL INT(2) NOT NULL,
	PRIMARY KEY(COD_HEROE)
);	

INSERT INTO HEROE(COD_HEROE,NOMBRE,DESCRIPCION,RAZA,NIVEL)VALUES('KORO','KOROCK. ROMPE-ESTRELLAS','','ENANO',1);
INSERT INTO HEROE(COD_HEROE,NOMBRE,DESCRIPCION,RAZA,NIVEL)VALUES('GROJ','GROJK. EL BUCANERO DE PIEDRA','','ENANO',1);
INSERT INTO HEROE(COD_HEROE,NOMBRE,DESCRIPCION,RAZA,NIVEL)VALUES('JHON','JHON ALIAS. EL CAZARRECOMPENSAS','','HUMANO',1);
INSERT INTO HEROE(COD_HEROE,NOMBRE,DESCRIPCION,RAZA,NIVEL)VALUES('SHEP','SÉPHIRO. EL VIUDO NEGRO','','ELFO OSCURO',1);
INSERT INTO HEROE(COD_HEROE,NOMBRE,DESCRIPCION,RAZA,NIVEL)VALUES('BALT','BALTAS. MAGO DEL FUEGO ETERNO','','ALTO ELFO',1);
INSERT INTO HEROE(COD_HEROE,NOMBRE,DESCRIPCION,RAZA,NIVEL)VALUES('YONN','YÓNNIRAS. EL RUISEÑOR','','ELFO SILVANO',1);
INSERT INTO HEROE(COD_HEROE,NOMBRE,DESCRIPCION,RAZA,NIVEL)VALUES('KYRI','PRINCIPE KYRION','','ALTO ELFO',1);
INSERT INTO HEROE(COD_HEROE,NOMBRE,DESCRIPCION,RAZA,NIVEL)VALUES('ELIA','ELIA TOFFANA','','KHIMARI',1);
INSERT INTO HEROE(COD_HEROE,NOMBRE,DESCRIPCION,RAZA,NIVEL)VALUES('MAHE','MAHEDROS. EL PIRATA DEL MAR DEL TERROR','','ELFO OSCURO',1);
INSERT INTO HEROE(COD_HEROE,NOMBRE,DESCRIPCION,RAZA,NIVEL)VALUES('LION','LION HEART. EL DESTERRADO','','KHIMARI',1);
INSERT INTO HEROE(COD_HEROE,NOMBRE,DESCRIPCION,RAZA,NIVEL)VALUES('YENN','YENNEFER. HOJA ARDIENTE','','ELFA SILVANA',1);
INSERT INTO HEROE(COD_HEROE,NOMBRE,DESCRIPCION,RAZA,NIVEL)VALUES('VAND','VANDELF. EL PROSCRITO','','HUMANO',1);

CREATE TABLE IF NOT EXISTS ATRIBUTO(
	COD_ATRIBUTO VARCHAR(3) NOT NULL, 
	DESCRIPCION_HABILIDAD VARCHAR(20) NOT NULL,
	PRIMARY KEY(COD_ATRIBUTO)
);

INSERT INTO ATRIBUTO(COD_ATRIBUTO,DESCRIPCION_HABILIDAD)VALUES('VIT','VITALIDAD');
INSERT INTO ATRIBUTO(COD_ATRIBUTO,DESCRIPCION_HABILIDAD)VALUES('AFI','ATAQUE FÍSICO');
INSERT INTO ATRIBUTO(COD_ATRIBUTO,DESCRIPCION_HABILIDAD)VALUES('AMA','ATAQUE MÁGICO');
INSERT INTO ATRIBUTO(COD_ATRIBUTO,DESCRIPCION_HABILIDAD)VALUES('DFI','DEFENSA FÍSICA');
INSERT INTO ATRIBUTO(COD_ATRIBUTO,DESCRIPCION_HABILIDAD)VALUES('DMA','DEFENSA MÁGICA');
INSERT INTO ATRIBUTO(COD_ATRIBUTO,DESCRIPCION_HABILIDAD)VALUES('DES','DESTREZA');
INSERT INTO ATRIBUTO(COD_ATRIBUTO,DESCRIPCION_HABILIDAD)VALUES('PMA','PUNTOS MÁGICOS');
INSERT INTO ATRIBUTO(COD_ATRIBUTO,DESCRIPCION_HABILIDAD)VALUES('VEL','VELOCIDAD');
INSERT INTO ATRIBUTO(COD_ATRIBUTO,DESCRIPCION_HABILIDAD)VALUES('ESQ','ESQUIVA');

CREATE TABLE IF NOT EXISTS HEROE_ATRIBUTO(
	ID_HEROE_ATRIBUTO INT NOT NULL AUTO_INCREMENT,
	COD_HEROE VARCHAR(4) NOT NULL,
	COD_ATRIBUTO VARCHAR(3) NOT NULL,
	VALOR_DEFECTO INT NOT NULL,
	VALOR_ACTUAL INT NOT NULL,
	PRIMARY KEY (ID_HEROE_ATRIBUTO),
	FOREIGN KEY(COD_HEROE) REFERENCES HEROE(COD_HEROE),
	FOREIGN KEY(COD_ATRIBUTO) REFERENCES ATRIBUTO(COD_ATRIBUTO)
);
--KOROCK
INSERT INTO HEROE_ATRIBUTO(COD_HEROE,COD_ATRIBUTO,VALOR_DEFECTO,VALOR_ACTUAL)VALUES('KORO','VIT',6,6),
																					('KORO','AFI',6,6),
																					('KORO','AMA',0,0),
																					('KORO','DFI',4,4),
																					('KORO','DMA',0,0),
																					('KORO','DES',4,4),
																					('KORO','PMA',0,0),
																					('KORO','VEL',2,2),
																					('KORO','ESQ',0,0);

--GROJK
INSERT INTO HEROE_ATRIBUTO(COD_HEROE,COD_ATRIBUTO,VALOR_DEFECTO,VALOR_ACTUAL)VALUES('GROJ','VIT',4,4),
																					('GROJ','AFI',3,3),
																					('GROJ','AMA',0,0),
																					('GROJ','DFI',3,3),
																					('GROJ','DMA',0,0),
																					('GROJ','DES',2,2),
																					('GROJ','PMA',0,0),
																					('GROJ','VEL',2,2),
																					('GROJ','ESQ',0,0);

--BALTAS 
INSERT INTO HEROE_ATRIBUTO(COD_HEROE,COD_ATRIBUTO,VALOR_DEFECTO,VALOR_ACTUAL)VALUES('BALT','VIT',3,3),
																					('BALT','AFI',2,2),
																					('BALT','AMA',5,5),
																					('BALT','DFI',2,2),
																					('BALT','DMA',4,4),
																					('BALT','DES',3,3),
																					('BALT','PMA',4,4),
																					('BALT','VEL',4,4),
																					('BALT','ESQ',0,0);

--SÉPHIRO 
INSERT INTO HEROE_ATRIBUTO(COD_HEROE,COD_ATRIBUTO,VALOR_DEFECTO,VALOR_ACTUAL)VALUES('SHEP','VIT',4,4),
																					('SHEP','AFI',4,4),
																					('SHEP','AMA',2,2),
																					('SHEP','DFI',2,2),
																					('SHEP','DMA',1,1),
																					('SHEP','DES',5,5),
																					('SHEP','PMA',2,2),
																					('SHEP','VEL',4,4),
																					('SHEP','ESQ',0,0);

--ELIA TOFFANA 
INSERT INTO HEROE_ATRIBUTO(COD_HEROE,COD_ATRIBUTO,VALOR_DEFECTO,VALOR_ACTUAL)VALUES('ELIA','VIT',3,3),
																					('ELIA','AFI',4,4),
																					('ELIA','AMA',0,0),
																					('ELIA','DFI',4,4),
																					('ELIA','DMA',1,1),
																					('ELIA','DES',2,2),
																					('ELIA','PMA',2,2),
																					('ELIA','VEL',6,6),
																					('ELIA','ESQ',4,4);

--JHON ALIAS 
INSERT INTO HEROE_ATRIBUTO(COD_HEROE,COD_ATRIBUTO,VALOR_DEFECTO,VALOR_ACTUAL)VALUES('JHON','VIT',5,5),
																					('JHON','AFI',3,3),
																					('JHON','AMA',0,0),
																					('JHON','DFI',3,3),
																					('JHON','DMA',2,2),
																					('JHON','DES',5,5),
																					('JHON','PMA',2,2),
																					('JHON','VEL',3,3),
																					('JHON','ESQ',0,0);

--YÓNNIRAS 
INSERT INTO HEROE_ATRIBUTO(COD_HEROE,COD_ATRIBUTO,VALOR_DEFECTO,VALOR_ACTUAL)VALUES('YONN','VIT',3,3),
																					('YONN','AFI',3,3),
																					('YONN','AMA',1,1),
																					('YONN','DFI',3,3),
																					('YONN','DMA',2,2),
																					('YONN','DES',3,3),
																					('YONN','PMA',3,3),
																					('YONN','VEL',5,5),
																					('YONN','ESQ',0,0);

--YENNEFER 
INSERT INTO HEROE_ATRIBUTO(COD_HEROE,COD_ATRIBUTO,VALOR_DEFECTO,VALOR_ACTUAL)VALUES('YENN','VIT',3,3),
																					('YENN','AFI',0,0),
																					('YENN','AMA',1,1),
																					('YENN','DFI',2,2),
																					('YENN','DMA',2,2),
																					('YENN','DES',4,4),
																					('YENN','PMA',2,2),
																					('YENN','VEL',5,5),
																					('YENN','ESQ',0,0);

--LION HEART 
INSERT INTO HEROE_ATRIBUTO(COD_HEROE,COD_ATRIBUTO,VALOR_DEFECTO,VALOR_ACTUAL)VALUES('LION','VIT',6,6),
																					('LION','AFI',4,4),
																					('LION','AMA',0,0),
																					('LION','DFI',4,4),
																					('LION','DMA',0,0),
																					('LION','DES',4,4),
																					('LION','PMA',1,1),
																					('LION','VEL',5,5),
																					('LION','ESQ',0,0);














































